Batter,Opposing Pitcher,Throw,Batter Location,Batter Spot,Batting Orientation,B Against PA,B Against H,B Throw PA,B Throw H,B Location PA,B Location H,B Season PA,B Season H,P Season PA,P Season H,P Location PA,P Location H,P Throw PA,P Throw H,P Recent PA,P Recent H,B Recent H,B Recent PA
Kyle Schwarber,Bowden Francis,Right,Away,1,Left,0,0,369.0,62,269.0,62,584.0,119,311.0,59,116,24,148.0,25,58,14,12.0,70.0
Trea Turner,Bowden Francis,Right,Away,2,Right,1,0,295.0,82,219.0,55,436.0,123,311.0,59,116,24,163.0,34,58,14,14.0,66.0
Bryce Harper,Bowden Francis,Right,Away,3,Left,1,1,341.0,83,250.0,58,535.0,132,311.0,59,116,24,148.0,25,58,14,17.0,65.0
Nick Castellanos,Bowden Francis,Right,Away,4,Right,1,0,425.0,94,282.0,60,567.0,130,311.0,59,116,24,163.0,34,58,14,12.0,57.0
Bryson Stott,Bowden Francis,Right,Away,5,Left,1,0,371.0,83,231.0,47,480.0,104,311.0,59,116,24,148.0,25,58,14,14.0,56.0
JT Realmuto,Bowden Francis,Right,Away,6,Right,0,0,250.0,61,159.0,41,352.0,85,311.0,59,116,24,163.0,34,58,14,14.0,48.0
Brandon Marsh,Bowden Francis,Right,Away,7,Left,0,0,326.0,74,182.0,34,399.0,87,311.0,59,116,24,148.0,25,58,14,11.0,55.0
Austin Hays,Bowden Francis,Right,Away,8,Right,4,1,154.0,29,110.0,28,241.0,57,311.0,59,116,24,163.0,34,58,14,,
Edmundo Sosa,Bowden Francis,Right,Away,9,Right,0,0,138.0,32,121.0,32,247.0,61,311.0,59,116,24,163.0,34,58,14,4.0,25.0
George Springer,Cristopher Sanchez,Left,Home,1,Right,3,1,120.0,19,256.0,53,535.0,105,629.0,158,282,83,495.0,127,50,15,10.0,57.0
Daulton Varsho,Cristopher Sanchez,Left,Home,2,Left,0,0,94.0,25,242.0,50,487.0,95,629.0,158,282,83,134.0,31,50,15,13.0,53.0
Vladimir Guerrero Jr,Cristopher Sanchez,Left,Home,3,Right,3,0,111.0,31,281.0,88,596.0,174,629.0,158,282,83,495.0,127,50,15,22.0,64.0
Alejandro Kirk,Cristopher Sanchez,Left,Home,4,Right,3,1,78.0,13,148.0,32,303.0,66,629.0,158,282,83,495.0,127,50,15,11.0,46.0
Ernie Clement,Cristopher Sanchez,Left,Home,5,Right,0,0,114.0,27,178.0,42,362.0,92,629.0,158,282,83,495.0,127,50,15,11.0,50.0
Leo Jimenez,Cristopher Sanchez,Left,Home,6,Right,0,0,36.0,10,67.0,13,154.0,32,629.0,158,282,83,495.0,127,50,15,11.0,49.0
Davis Schneider,Cristopher Sanchez,Left,Home,7,Right,3,0,105.0,17,194.0,37,387.0,66,629.0,158,282,83,495.0,127,50,15,,
Luis De Los Santos,Cristopher Sanchez,Left,Home,8,Right,0,0,2.0,1,3.0,2,12.0,2,629.0,158,282,83,495.0,127,50,15,,
Brian Serven,Cristopher Sanchez,Left,Home,9,Right,0,0,15.0,1,17.0,3,57.0,9,629.0,158,282,83,495.0,127,50,15,,
Nicky Lopez,Albert Suarez,Right,Away,1,Left,1,0,340.0,72,192.0,48,394.0,84,450.0,103,212,46,197.0,46,11,2,,
Luis Robert Jr,Albert Suarez,Right,Away,2,Right,0,0,264.0,56,164.0,32,339.0,68,450.0,103,212,46,253.0,57,11,2,10.0,51.0
Andrew Benintendi,Albert Suarez,Right,Away,3,Left,1,0,343.0,74,207.0,35,438.0,88,450.0,103,212,46,197.0,46,11,2,10.0,57.0
Andrew Vaughn,Albert Suarez,Right,Away,4,Right,2,0,403.0,82,248.0,55,524.0,114,450.0,103,212,46,253.0,57,11,2,8.0,54.0
Gavin Sheets,Albert Suarez,Right,Away,5,Left,2,0,374.0,85,214.0,47,448.0,98,450.0,103,212,46,197.0,46,11,2,14.0,54.0
Korey Lee,Albert Suarez,Right,Away,6,Right,0,0,263.0,54,187.0,40,352.0,72,450.0,103,212,46,253.0,57,11,2,,
Dominic Fletcher,Albert Suarez,Right,Away,7,Left,0,0,132.0,28,77.0,13,167.0,34,450.0,103,212,46,197.0,46,11,2,,
Lenyn Sosa,Albert Suarez,Right,Away,8,Right,0,0,200.0,38,138.0,37,287.0,59,450.0,103,212,46,253.0,57,11,2,,
Jacob Amaya,Albert Suarez,Right,Away,9,Right,0,0,8.0,1,7.0,3,16.0,4,450.0,103,212,46,253.0,57,11,2,,
Gunnar Henderson,Jonathan Cannon,Right,Home,1,Left,0,0,425.0,109,305.0,73,623.0,151,410.0,103,187,53,208.0,55,19,3,10.0,68.0
Adley Rutschman,Jonathan Cannon,Right,Home,2,Both,0,0,380.0,76,270.0,57,544.0,127,410.0,103,187,53,410.0,103,19,3,,
Ryan O'Hearn,Jonathan Cannon,Right,Home,3,Left,0,0,385.0,94,219.0,51,420.0,101,410.0,103,187,53,208.0,55,19,3,8.0,44.0
Anthony Santander,Jonathan Cannon,Right,Home,4,Both,0,0,410.0,92,273.0,57,571.0,125,410.0,103,187,53,410.0,103,19,3,14.0,69.0
Colton Cowser,Jonathan Cannon,Right,Home,5,Left,0,0,349.0,77,244.0,55,477.0,105,410.0,103,187,53,208.0,55,19,3,13.0,63.0
Eloy Jimenez,Jonathan Cannon,Right,Home,6,Right,0,0,245.0,56,152.0,36,331.0,78,410.0,103,187,53,202.0,48,19,3,9.0,45.0
Cedric Mullins,Jonathan Cannon,Right,Home,7,Left,0,0,324.0,70,202.0,46,410.0,85,410.0,103,187,53,208.0,55,19,3,9.0,45.0
Jackson Holliday,Jonathan Cannon,Right,Home,8,Left,0,0,117.0,23,68.0,12,159.0,27,410.0,103,187,53,208.0,55,19,3,8.0,55.0
Emmanuel Rivera,Jonathan Cannon,Right,Home,9,Right,0,0,131.0,25,116.0,23,246.0,47,410.0,103,187,53,202.0,48,19,3,4.0,24.0
Jose Altuve,Nick Martinez,Right,Away,1,Right,27,6,451.0,116,301.0,81,594.0,161,445.0,110,262,74,236.0,56,125,31,11.0,56.0
Yordan Alvarez,Nick Martinez,Right,Away,2,Left,0,0,379.0,93,283.0,87,554.0,151,445.0,110,262,74,209.0,54,125,31,15.0,53.0
Alex Bregman,Nick Martinez,Right,Away,3,Right,12,4,394.0,101,309.0,80,545.0,131,445.0,110,262,74,236.0,56,125,31,9.0,38.0
Yainer Diaz,Nick Martinez,Right,Away,4,Right,0,0,377.0,112,260.0,68,514.0,148,445.0,110,262,74,236.0,56,125,31,16.0,54.0
Jon Singleton,Nick Martinez,Right,Away,5,Left,7,0,278.0,62,172.0,33,353.0,72,445.0,110,262,74,209.0,54,125,31,4.0,32.0
Jeremy Pena,Nick Martinez,Right,Away,6,Right,0,0,411.0,99,292.0,71,553.0,140,445.0,110,262,74,236.0,56,125,31,10.0,52.0
Ben Gamel,Nick Martinez,Right,Away,7,Left,4,0,63.0,13,44.0,13,74.0,17,445.0,110,262,74,209.0,54,125,31,12.0,49.0
Mauricio Dubon,Nick Martinez,Right,Away,8,Right,2,1,249.0,63,185.0,48,357.0,88,445.0,110,262,74,236.0,56,125,31,12.0,41.0
Jason Heyward,Nick Martinez,Right,Away,9,Left,5,1,189.0,34,99.0,22,204.0,38,445.0,110,262,74,209.0,54,125,31,3.0,12.0
Jonathan India,Spencer Arrighetti,Right,Home,1,Right,0,0,386.0,81,261.0,62,539.0,116,537.0,114,303,65,238.0,54,18,4,14.0,62.0
Elly De La Cruz,Spencer Arrighetti,Right,Home,2,Both,0,0,401.0,100,301.0,65,595.0,138,537.0,114,303,65,537.0,114,18,4,17.0,72.0
Tyler Stephenson,Spencer Arrighetti,Right,Home,3,Right,0,0,306.0,72,229.0,55,429.0,101,537.0,114,303,65,238.0,54,18,4,17.0,56.0
TJ Friedl,Spencer Arrighetti,Right,Home,4,Left,0,0,188.0,38,132.0,26,253.0,48,537.0,114,303,65,299.0,60,18,4,7.0,59.0
Spencer Steer,Spencer Arrighetti,Right,Home,5,Right,0,0,409.0,86,296.0,57,564.0,116,537.0,114,303,65,238.0,54,18,4,12.0,68.0
Ty France,Spencer Arrighetti,Right,Home,6,Right,3,1,326.0,67,221.0,50,444.0,94,537.0,114,303,65,238.0,54,18,4,12.0,53.0
Jake Fraley,Spencer Arrighetti,Right,Home,7,Left,0,0,258.0,64,128.0,33,303.0,76,537.0,114,303,65,299.0,60,18,4,2.0,13.0
Santiago Espinal,Spencer Arrighetti,Right,Home,8,Right,0,0,190.0,46,168.0,45,305.0,77,537.0,114,303,65,238.0,54,18,4,16.0,50.0
Amed Rosario,Spencer Arrighetti,Right,Home,9,Right,0,0,200.0,56,171.0,43,316.0,91,537.0,114,303,65,238.0,54,18,4,7.0,30.0
Dylan Crews,Valente Bellozo,Right,Away,1,Right,0,0,19.0,3,5.0,1,31.0,7,179.0,41,72,19,100.0,25,24,7,7.0,32.0
Jose Tena,Valente Bellozo,Right,Away,2,Left,0,0,52.0,16,32.0,8,74.0,21,179.0,41,72,19,79.0,16,24,7,14.0,55.0
Andres Chaparro,Valente Bellozo,Right,Away,3,Right,0,0,43.0,9,41.0,10,70.0,16,179.0,41,72,19,100.0,25,24,7,10.0,48.0
James Wood,Valente Bellozo,Right,Away,4,Left,0,0,141.0,32,96.0,25,233.0,55,179.0,41,72,19,79.0,16,24,7,11.0,63.0
Luis Garcia Jr,Valente Bellozo,Right,Away,5,Left,0,0,362.0,102,231.0,53,459.0,126,179.0,41,72,19,79.0,16,24,7,10.0,43.0
Joey Gallo,Valente Bellozo,Right,Away,6,Left,0,0,143.0,23,103.0,12,198.0,29,179.0,41,72,19,79.0,16,24,7,6.0,39.0
CJ Abrams,Valente Bellozo,Right,Away,7,Left,0,0,378.0,75,291.0,66,553.0,121,179.0,41,72,19,79.0,16,24,7,8.0,49.0
Keibert Ruiz,Valente Bellozo,Right,Away,8,Both,0,0,293.0,64,194.0,39,400.0,85,179.0,41,72,19,179.0,41,24,7,8.0,45.0
Jacob Young,Valente Bellozo,Right,Away,9,Right,0,0,307.0,71,229.0,59,440.0,106,179.0,41,72,19,100.0,25,24,7,16.0,50.0
Xavier Edwards,MacKenzie Gore,Left,Home,1,Both,0,0,62.0,16,116.0,32,203.0,60,617.0,158,260,65,617.0,158,50,17,4.0,15.0
Connor Norby,MacKenzie Gore,Left,Home,2,Right,0,0,29.0,9,43.0,12,89.0,23,617.0,158,260,65,463.0,116,50,17,16.0,58.0
Jake Burger,MacKenzie Gore,Left,Home,3,Right,3,1,152.0,32,245.0,51,478.0,109,617.0,158,260,65,463.0,116,50,17,11.0,56.0
Jonah Bride,MacKenzie Gore,Left,Home,4,Right,0,0,63.0,12,76.0,17,169.0,37,617.0,158,260,65,463.0,116,50,17,,
Otto Lopez,MacKenzie Gore,Left,Home,5,Right,3,0,101.0,22,167.0,40,335.0,77,617.0,158,260,65,463.0,116,50,17,14.0,61.0
Cristian Pache,MacKenzie Gore,Left,Home,6,Right,6,1,110.0,21,73.0,13,155.0,28,617.0,158,260,65,463.0,116,50,17,4.0,19.0
David Hensley,MacKenzie Gore,Left,Home,7,Right,0,0,30.0,7,16.0,4,43.0,10,617.0,158,260,65,463.0,116,50,17,8.0,26.0
Kyle Stowers,MacKenzie Gore,Left,Home,8,Left,0,0,20.0,2,66.0,14,140.0,30,617.0,158,260,65,154.0,42,50,17,11.0,46.0
Nick Fortes,MacKenzie Gore,Left,Home,9,Right,3,1,75.0,14,129.0,25,259.0,56,617.0,158,260,65,463.0,116,50,17,6.0,29.0
Jarren Duran,Tylor Megill,Right,Away,1,Left,0,0,429.0,122,329.0,87,628.0,168,231.0,50,145,29,117.0,26,25,5,20.0,69.0
Wilyer Abreu,Tylor Megill,Right,Away,2,Left,0,0,316.0,81,180.0,42,371.0,90,231.0,50,145,29,117.0,26,25,5,10.0,44.0
Tyler O'Neill,Tylor Megill,Right,Away,3,Right,2,1,256.0,53,204.0,51,395.0,88,231.0,50,145,29,114.0,24,25,5,6.0,47.0
Rafael Devers,Tylor Megill,Right,Away,4,Left,0,0,336.0,89,281.0,66,533.0,132,231.0,50,145,29,117.0,26,25,5,,
Triston Casas,Tylor Megill,Right,Away,5,Left,0,0,116.0,26,94.0,20,165.0,36,231.0,50,145,29,117.0,26,25,5,12.0,63.0
Masataka Yoshida,Tylor Megill,Right,Away,6,Left,0,0,258.0,75,178.0,45,353.0,92,231.0,50,145,29,117.0,26,25,5,12.0,53.0
Connor Wong,Tylor Megill,Right,Away,7,Right,0,0,272.0,70,220.0,58,409.0,106,231.0,50,145,29,114.0,24,25,5,,
Enmanuel Valdez,Tylor Megill,Right,Away,8,Left,0,0,156.0,35,98.0,15,189.0,38,231.0,50,145,29,117.0,26,25,5,,
Ceddanne Rafaela,Tylor Megill,Right,Away,9,Right,0,0,366.0,92,258.0,65,504.0,122,231.0,50,145,29,114.0,24,25,5,,
Francisco Lindor,Tanner Houck,Right,Home,1,Both,0,0,470.0,115,308.0,72,630.0,155,684.0,146,291,60,684.0,146,29,7,21.0,64.0
Brandon Nimmo,Tanner Houck,Right,Home,2,Left,0,0,426.0,77,281.0,49,566.0,111,684.0,146,291,60,363.0,69,29,7,11.0,57.0
Mark Vientos,Tanner Houck,Right,Home,3,Right,0,0,246.0,56,178.0,44,356.0,92,684.0,146,291,60,321.0,77,29,7,15.0,55.0
Pete Alonso,Tanner Houck,Right,Home,4,Right,0,0,450.0,98,290.0,63,596.0,128,684.0,146,291,60,321.0,77,29,7,12.0,63.0
Jesse Winker,Tanner Houck,Right,Home,5,Left,4,1,359.0,85,207.0,50,461.0,106,684.0,146,291,60,363.0,69,29,7,11.0,37.0
Starling Marte,Tanner Houck,Right,Home,6,Right,2,0,217.0,51,153.0,36,307.0,78,684.0,146,291,60,321.0,77,29,7,,
Jose Iglesias,Tanner Houck,Right,Home,7,Right,0,0,127.0,33,76.0,26,199.0,57,684.0,146,291,60,321.0,77,29,7,6.0,34.0
Jeff McNeil,Tanner Houck,Right,Home,8,Left,0,0,350.0,76,234.0,43,462.0,101,684.0,146,291,60,363.0,69,29,7,9.0,45.0
Francisco Alvarez,Tanner Houck,Right,Home,9,Right,0,0,208.0,46,132.0,26,274.0,59,684.0,146,291,60,321.0,77,29,7,,
Charlie Blackmon,Charlie Morton,Right,Away,1,Left,19,4,318.0,69,217.0,41,421.0,94,579.0,128,312,70,322.0,62,23,5,7.0,46.0
Ezequiel Tovar,Charlie Morton,Right,Away,2,Right,6,1,396.0,108,297.0,76,582.0,151,579.0,128,312,70,257.0,66,23,5,13.0,59.0
Ryan McMahon,Charlie Morton,Right,Away,3,Left,13,3,377.0,79,278.0,57,551.0,120,579.0,128,312,70,322.0,62,23,5,13.0,55.0
Brenton Doyle,Charlie Morton,Right,Away,4,Right,4,1,384.0,96,279.0,55,530.0,131,579.0,128,312,70,257.0,66,23,5,14.0,57.0
Brendan Rodgers,Charlie Morton,Right,Away,5,Right,6,3,347.0,85,238.0,51,475.0,124,579.0,128,312,70,257.0,66,23,5,15.0,53.0
Michael Toglia,Charlie Morton,Right,Away,6,Both,2,0,238.0,45,182.0,33,359.0,69,579.0,128,312,70,579.0,128,23,5,9.0,66.0
Nolan Jones,Charlie Morton,Right,Away,7,Left,4,0,156.0,29,104.0,18,234.0,44,579.0,128,312,70,322.0,62,23,5,11.0,49.0
Jordan Beck,Charlie Morton,Right,Away,8,Right,0,0,93.0,20,82.0,14,138.0,27,579.0,128,312,70,257.0,66,23,5,6.0,44.0
Drew Romo,Charlie Morton,Right,Away,9,Both,0,0,23.0,5,19.0,3,38.0,7,579.0,128,312,70,579.0,128,23,5,7.0,36.0
Michael Harris II,Bradley Blalock,Right,Home,1,Left,0,0,235.0,53,156.0,41,355.0,83,101.0,26,52,11,64.0,15,28,6,12.0,54.0
Jorge Soler,Bradley Blalock,Right,Home,2,Right,0,0,347.0,68,225.0,47,484.0,96,101.0,26,52,11,37.0,11,28,6,,
Marcell Ozuna,Bradley Blalock,Right,Home,3,Right,0,0,439.0,119,268.0,72,583.0,159,101.0,26,52,11,37.0,11,28,6,15.0,66.0
Matt Olson,Bradley Blalock,Right,Home,4,Left,0,0,413.0,80,261.0,56,578.0,120,101.0,26,52,11,64.0,15,28,6,14.0,63.0
Travis d'Arnaud,Bradley Blalock,Right,Home,5,Right,0,0,221.0,49,125.0,32,286.0,65,101.0,26,52,11,37.0,11,28,6,5.0,26.0
Whit Merrifield,Bradley Blalock,Right,Home,6,Right,0,0,183.0,37,136.0,25,301.0,58,101.0,26,52,11,37.0,11,28,6,14.0,68.0
Jarred Kelenic,Bradley Blalock,Right,Home,7,Left,0,0,349.0,76,203.0,47,417.0,90,101.0,26,52,11,64.0,15,28,6,,
Orlando Arcia,Bradley Blalock,Right,Home,8,Right,0,0,373.0,81,237.0,43,504.0,104,101.0,26,52,11,37.0,11,28,6,10.0,64.0
Gio Urshela,Bradley Blalock,Right,Home,9,Right,0,0,278.0,73,190.0,43,365.0,87,101.0,26,52,11,37.0,11,28,6,13.0,46.0
Masyn Winn,Colin Rea,Right,Away,1,Right,6,2,364.0,100,269.0,67,539.0,140,606.0,134,305,62,296.0,66,122,31,21.0,75.0
Alec Burleson,Colin Rea,Right,Away,2,Left,2,0,373.0,105,251.0,58,503.0,131,606.0,134,305,62,310.0,68,122,31,15.0,71.0
Nolan Arenado,Colin Rea,Right,Away,3,Right,10,0,412.0,105,292.0,64,547.0,135,606.0,134,305,62,296.0,66,122,31,15.0,67.0
Brendan Donovan,Colin Rea,Right,Away,4,Left,3,1,401.0,98,293.0,70,562.0,137,606.0,134,305,62,310.0,68,122,31,15.0,67.0
Paul Goldschmidt,Colin Rea,Right,Away,5,Right,10,2,420.0,91,303.0,73,565.0,129,606.0,134,305,62,296.0,66,122,31,21.0,58.0
Lars Nootbaar,Colin Rea,Right,Away,6,Left,5,2,236.0,51,171.0,40,327.0,71,606.0,134,305,62,310.0,68,122,31,17.0,66.0
Jordan Walker,Colin Rea,Right,Away,7,Right,2,0,62.0,13,63.0,14,98.0,16,606.0,134,305,62,296.0,66,122,31,6.0,21.0
Ivan Herrera,Colin Rea,Right,Away,8,Right,0,0,144.0,39,110.0,32,212.0,54,606.0,134,305,62,296.0,66,122,31,6.0,26.0
Michael Siani,Colin Rea,Right,Away,9,Left,2,1,170.0,44,138.0,31,256.0,61,606.0,134,305,62,310.0,68,122,31,,
Brice Turang,Sonny Gray,Right,Home,1,Left,6,2,429.0,102,251.0,46,526.0,122,592.0,127,278,66,288.0,67,29,8,12.0,63.0
Jackson Chourio,Sonny Gray,Right,Home,2,Right,2,0,340.0,87,235.0,53,475.0,123,592.0,127,278,66,304.0,60,29,8,20.0,72.0
William Contreras,Sonny Gray,Right,Home,3,Right,6,2,461.0,110,281.0,69,600.0,148,592.0,127,278,66,304.0,60,29,8,14.0,82.0
Jake Bauers,Sonny Gray,Right,Home,4,Left,6,2,268.0,43,159.0,26,298.0,51,592.0,127,278,66,288.0,67,29,8,3.0,33.0
Willy Adames,Sonny Gray,Right,Home,5,Right,18,5,450.0,112,278.0,64,597.0,135,592.0,127,278,66,304.0,60,29,8,16.0,77.0
Garrett Mitchell,Sonny Gray,Right,Home,6,Left,0,0,133.0,30,67.0,14,158.0,36,592.0,127,278,66,288.0,67,29,8,11.0,43.0
Rhys Hoskins,Sonny Gray,Right,Home,7,Right,15,4,339.0,64,200.0,37,442.0,82,592.0,127,278,66,304.0,60,29,8,6.0,65.0
Sal Frelick,Sonny Gray,Right,Home,8,Left,5,0,383.0,94,218.0,55,456.0,110,592.0,127,278,66,288.0,67,29,8,14.0,45.0
Joey Ortiz,Sonny Gray,Right,Home,9,Right,4,1,298.0,66,195.0,42,421.0,88,592.0,127,278,66,304.0,60,29,8,9.0,57.0
Steven Kwan,Seth Lugo,Right,Away,1,Left,5,2,349.0,89,256.0,67,498.0,133,726.0,156,366,80,378.0,86,131,36,9.0,80.0
Andres Gimenez,Seth Lugo,Right,Away,2,Left,5,0,379.0,90,292.0,69,537.0,125,726.0,156,366,80,378.0,86,131,36,12.0,66.0
Jose Ramirez,Seth Lugo,Right,Away,3,Both,7,1,418.0,91,302.0,69,583.0,146,726.0,156,366,80,726.0,156,131,36,14.0,72.0
Josh Naylor,Seth Lugo,Right,Away,4,Left,6,2,385.0,89,274.0,56,544.0,119,726.0,156,366,80,378.0,86,131,36,14.0,70.0
Jhonkensy Noel,Seth Lugo,Right,Away,5,Right,3,0,101.0,23,71.0,15,152.0,35,726.0,156,366,80,348.0,70,131,36,13.0,55.0
Kyle Manzardo,Seth Lugo,Right,Away,6,Left,3,0,78.0,19,60.0,13,97.0,22,726.0,156,366,80,378.0,86,131,36,5.0,12.0
Lane Thomas,Seth Lugo,Right,Away,7,Right,7,1,307.0,59,210.0,47,438.0,93,726.0,156,366,80,348.0,70,131,36,11.0,43.0
Bo Naylor,Seth Lugo,Right,Away,8,Left,2,2,257.0,50,182.0,37,327.0,63,726.0,156,366,80,378.0,86,131,36,9.0,36.0
Brayan Rocchio,Seth Lugo,Right,Away,9,Both,2,0,264.0,52,195.0,36,375.0,70,726.0,156,366,80,726.0,156,131,36,10.0,45.0
Tommy Pham,Ben Lively,Right,Home,1,Right,9,3,293.0,70,203.0,48,386.0,89,542.0,119,271,57,279.0,66,23,4,,
Bobby Witt Jr,Ben Lively,Right,Home,2,Right,6,3,494.0,152,303.0,107,610.0,189,542.0,119,271,57,279.0,66,23,4,16.0,72.0
Michael Massey,Ben Lively,Right,Home,3,Left,5,0,230.0,56,155.0,42,277.0,68,542.0,119,271,57,263.0,53,23,4,8.0,44.0
Salvador Perez,Ben Lively,Right,Home,4,Right,4,2,424.0,102,283.0,68,557.0,139,542.0,119,271,57,279.0,66,23,4,13.0,65.0
Paul DeJong,Ben Lively,Right,Home,5,Right,9,3,330.0,75,214.0,48,445.0,96,542.0,119,271,57,279.0,66,23,4,7.0,47.0
MJ Melendez,Ben Lively,Right,Home,6,Left,5,2,328.0,67,194.0,41,397.0,78,542.0,119,271,57,263.0,53,23,4,12.0,54.0
Freddy Fermin,Ben Lively,Right,Home,7,Right,3,1,209.0,54,132.0,38,317.0,85,542.0,119,271,57,279.0,66,23,4,,
Maikel Garcia,Ben Lively,Right,Home,8,Right,4,2,427.0,94,291.0,64,559.0,124,542.0,119,271,57,279.0,66,23,4,11.0,54.0
Kyle Isbel,Ben Lively,Right,Home,9,Left,2,1,302.0,67,197.0,45,355.0,76,542.0,119,271,57,263.0,53,23,4,,
Isiah Kiner-Falefa,Shota Imanaga,Left,Away,1,Right,0,0,106.0,24,199.0,49,400.0,102,590.0,131,301,66,473.0,107,24,2,11.0,58.0
Bryan Reynolds,Shota Imanaga,Left,Away,2,Both,3,1,172.0,45,306.0,75,592.0,151,590.0,131,301,66,590.0,131,24,2,16.0,65.0
Nick Gonzales,Shota Imanaga,Left,Away,3,Right,3,0,75.0,21,156.0,44,294.0,75,590.0,131,301,66,473.0,107,24,2,11.0,32.0
Andrew McCutchen,Shota Imanaga,Left,Away,4,Right,3,0,126.0,23,239.0,49,452.0,93,590.0,131,301,66,473.0,107,24,2,4.0,17.0
Oneil Cruz,Shota Imanaga,Left,Away,5,Left,0,0,129.0,29,255.0,54,512.0,127,590.0,131,301,66,117.0,24,24,2,19.0,63.0
Connor Joe,Shota Imanaga,Left,Away,6,Right,3,0,155.0,34,200.0,42,384.0,80,590.0,131,301,66,473.0,107,24,2,7.0,40.0
Bryan De La Cruz,Shota Imanaga,Left,Away,7,Right,3,0,173.0,47,260.0,55,553.0,124,590.0,131,301,66,473.0,107,24,2,9.0,43.0
Jared Triolo,Shota Imanaga,Left,Away,8,Right,3,1,106.0,18,199.0,41,363.0,66,590.0,131,301,66,473.0,107,24,2,10.0,55.0
Henry Davis,Shota Imanaga,Left,Away,9,Right,0,0,27.0,6,75.0,10,115.0,15,590.0,131,301,66,473.0,107,24,2,,
Ian Happ,Domingo German,Right,Home,1,Both,4,0,430.0,88,255.0,59,557.0,118,81.0,16,62,10,81.0,16,1,0,20.0,71.0
Michael Busch,Domingo German,Right,Home,2,Left,2,0,411.0,89,216.0,45,487.0,107,81.0,16,62,10,41.0,7,1,0,9.0,61.0
Seiya Suzuki,Domingo German,Right,Home,3,Right,4,3,375.0,95,215.0,44,490.0,120,81.0,16,62,10,40.0,9,1,0,20.0,77.0
Cody Bellinger,Domingo German,Right,Home,4,Left,7,0,342.0,77,217.0,49,475.0,115,81.0,16,62,10,41.0,7,1,0,13.0,72.0
Isaac Paredes,Domingo German,Right,Home,5,Right,7,0,424.0,75,279.0,48,555.0,108,81.0,16,62,10,40.0,9,1,0,10.0,67.0
Nico Hoerner,Domingo German,Right,Home,6,Right,5,0,447.0,99,267.0,60,555.0,129,81.0,16,62,10,40.0,9,1,0,15.0,63.0
Dansby Swanson,Domingo German,Right,Home,7,Right,4,1,403.0,82,234.0,51,496.0,106,81.0,16,62,10,40.0,9,1,0,15.0,66.0
Pete Crow-Armstrong,Domingo German,Right,Home,8,Left,2,1,256.0,54,131.0,22,315.0,68,81.0,16,62,10,41.0,7,1,0,17.0,60.0
Miguel Amaya,Domingo German,Right,Home,9,Right,2,2,232.0,56,146.0,29,301.0,66,81.0,16,62,10,40.0,9,1,0,15.0,39.0
Gleyber Torres,Nathan Eovaldi,Right,Away,1,Right,48,10,399.0,87,300.0,70,551.0,121,560.0,117,318,59,280.0,52,94,20,18.0,75.0
Juan Soto,Nathan Eovaldi,Right,Away,2,Left,6,2,414.0,103,324.0,74,616.0,146,560.0,117,318,59,280.0,65,94,20,12.0,70.0
Aaron Judge,Nathan Eovaldi,Right,Away,3,Right,38,14,444.0,121,318.0,84,611.0,159,560.0,117,318,59,280.0,52,94,20,14.0,72.0
Austin Wells,Nathan Eovaldi,Right,Away,4,Left,2,1,274.0,63,176.0,39,334.0,73,560.0,117,318,59,280.0,65,94,20,9.0,43.0
Giancarlo Stanton,Nathan Eovaldi,Right,Away,5,Right,40,12,267.0,60,190.0,39,386.0,86,560.0,117,318,59,280.0,52,94,20,11.0,53.0
Jazz Chisholm Jr,Nathan Eovaldi,Right,Away,6,Left,4,1,344.0,85,235.0,66,532.0,129,560.0,117,318,59,280.0,65,94,20,15.0,44.0
Anthony Rizzo,Nathan Eovaldi,Right,Away,7,Left,26,9,222.0,47,174.0,35,298.0,62,560.0,117,318,59,280.0,65,94,20,3.0,9.0
Anthony Volpe,Nathan Eovaldi,Right,Away,8,Right,8,0,432.0,104,317.0,75,605.0,144,560.0,117,318,59,280.0,52,94,20,17.0,58.0
Alex Verdugo,Nathan Eovaldi,Right,Away,9,Left,8,1,378.0,83,286.0,66,553.0,119,560.0,117,318,59,280.0,65,94,20,13.0,59.0
Marcus Semien,Marcus Stroman,Right,Home,1,Right,20,7,461.0,94,299.0,60,618.0,131,594.0,136,281,62,305.0,67,99,22,,
Corey Seager,Marcus Stroman,Right,Home,2,Left,13,3,380.0,96,253.0,60,531.0,132,594.0,136,281,62,289.0,69,99,22,15.0,49.0
Josh Smith,Marcus Stroman,Right,Home,3,Left,4,1,370.0,82,242.0,58,496.0,116,594.0,136,281,62,289.0,69,99,22,9.0,39.0
Adolis Garcia,Marcus Stroman,Right,Home,4,Right,5,0,402.0,81,262.0,48,545.0,111,594.0,136,281,62,305.0,67,99,22,,
Nathaniel Lowe,Marcus Stroman,Right,Home,5,Left,5,1,346.0,73,229.0,49,466.0,103,594.0,136,281,62,289.0,69,99,22,11.0,49.0
Josh Jung,Marcus Stroman,Right,Home,6,Right,5,0,110.0,30,82.0,22,138.0,37,594.0,136,281,62,305.0,67,99,22,14.0,47.0
Wyatt Langford,Marcus Stroman,Right,Home,7,Right,2,1,360.0,81,235.0,54,454.0,100,594.0,136,281,62,305.0,67,99,22,11.0,48.0
Jonah Heim,Marcus Stroman,Right,Home,8,Both,0,0,317.0,67,218.0,47,422.0,89,594.0,136,281,62,594.0,136,99,22,5.0,32.0
Leody Taveras,Marcus Stroman,Right,Home,9,Both,2,0,361.0,79,220.0,47,455.0,96,594.0,136,281,62,594.0,136,99,22,7.0,39.0
Shohei Ohtani,Griffin Canning,Right,Away,1,Left,0,0,403.0,106,318.0,80,618.0,158,612.0,148,338,80,318.0,78,94,23,17.0,63.0
Mookie Betts,Griffin Canning,Right,Away,2,Right,5,2,288.0,72,212.0,61,420.0,110,612.0,148,338,80,294.0,70,94,23,14.0,61.0
Freddie Freeman,Griffin Canning,Right,Away,3,Left,2,1,361.0,96,270.0,67,547.0,136,612.0,148,338,80,318.0,78,94,23,11.0,46.0
Teoscar Hernandez,Griffin Canning,Right,Away,4,Right,6,4,425.0,99,291.0,71,575.0,140,612.0,148,338,80,294.0,70,94,23,15.0,59.0
Gavin Lux,Griffin Canning,Right,Away,5,Left,2,1,375.0,90,217.0,53,420.0,97,612.0,148,338,80,318.0,78,94,23,8.0,43.0
Will Smith,Griffin Canning,Right,Away,6,Right,5,2,338.0,73,252.0,60,471.0,102,612.0,148,338,80,294.0,70,94,23,8.0,42.0
Max Muncy,Griffin Canning,Right,Away,7,Left,8,0,150.0,34,93.0,15,205.0,40,612.0,148,338,80,318.0,78,94,23,8.0,44.0
Tommy Edman,Griffin Canning,Right,Away,8,Both,2,1,37.0,7,20.0,6,54.0,14,612.0,148,338,80,612.0,148,94,23,13.0,52.0
Miguel Rojas,Griffin Canning,Right,Away,9,Right,1,0,184.0,54,160.0,50,280.0,76,612.0,148,338,80,294.0,70,94,23,11.0,36.0
Taylor Ward,Bobby Miller,Right,Home,1,Right,0,0,440.0,83,290.0,58,549.0,119,199.0,52,118,37,100.0,28,22,4,15.0,53.0
Zach Neto,Bobby Miller,Right,Home,2,Right,0,0,410.0,81,246.0,61,510.0,117,199.0,52,118,37,100.0,28,22,4,8.0,54.0
Nolan Schanuel,Bobby Miller,Right,Home,3,Left,0,0,400.0,87,281.0,57,519.0,111,199.0,52,118,37,99.0,24,22,4,8.0,48.0
Anthony Rendon,Bobby Miller,Right,Home,4,Right,0,0,192.0,37,87.0,14,223.0,44,199.0,52,118,37,100.0,28,22,4,8.0,55.0
Mickey Moniak,Bobby Miller,Right,Home,5,Left,0,0,336.0,76,198.0,40,363.0,79,199.0,52,118,37,99.0,24,22,4,9.0,31.0
Logan O'Hoppe,Bobby Miller,Right,Home,6,Right,0,0,355.0,87,237.0,57,453.0,101,199.0,52,118,37,100.0,28,22,4,,
Brandon Drury,Bobby Miller,Right,Home,7,Right,0,0,227.0,31,133.0,18,291.0,42,199.0,52,118,37,100.0,28,22,4,5.0,35.0
Jo Adell,Bobby Miller,Right,Home,8,Right,0,0,335.0,59,216.0,39,438.0,83,199.0,52,118,37,100.0,28,22,4,11.0,52.0
Niko Kavadas,Bobby Miller,Right,Home,9,Left,0,0,37.0,3,14.0,0,41.0,3,199.0,52,118,37,99.0,24,22,4,,
Parker Meadows,Yu Darvish,Right,Away,1,Left,0,0,169.0,34,114.0,23,196.0,40,224.0,45,164,36,105.0,23,25,9,13.0,56.0
Riley Greene,Yu Darvish,Right,Away,2,Left,0,0,368.0,86,257.0,58,482.0,109,224.0,45,164,36,105.0,23,25,9,11.0,57.0
Matt Vierling,Yu Darvish,Right,Away,3,Right,0,0,364.0,86,232.0,57,480.0,117,224.0,45,164,36,119.0,22,25,9,14.0,52.0
Kerry Carpenter,Yu Darvish,Right,Away,4,Left,0,0,200.0,56,105.0,28,225.0,58,224.0,45,164,36,105.0,23,25,9,12.0,54.0
Colt Keith,Yu Darvish,Right,Away,5,Left,0,0,409.0,94,258.0,66,476.0,114,224.0,45,164,36,105.0,23,25,9,13.0,55.0
Spencer Torkelson,Yu Darvish,Right,Away,6,Right,0,0,230.0,44,152.0,31,292.0,59,224.0,45,164,36,119.0,22,25,9,15.0,57.0
Jace Jung,Yu Darvish,Right,Away,7,Left,0,0,48.0,7,33.0,6,59.0,10,224.0,45,164,36,105.0,23,25,9,,
Trey Sweeney,Yu Darvish,Right,Away,8,Left,0,0,39.0,7,19.0,5,43.0,8,224.0,45,164,36,105.0,23,25,9,7.0,35.0
Dillon Dingler,Yu Darvish,Right,Away,9,Right,0,0,50.0,8,35.0,6,60.0,8,224.0,45,164,36,119.0,22,25,9,,
Fernando Tatis Jr,Keider Montero,Right,Home,1,Right,0,0,237.0,65,174.0,36,348.0,86,292.0,70,118,29,143.0,38,22,3,,
Luis Arraez,Keider Montero,Right,Home,2,Left,0,0,386.0,123,291.0,71,580.0,171,292.0,70,118,29,149.0,32,22,3,20.0,60.0
Jurickson Profar,Keider Montero,Right,Home,3,Both,0,0,406.0,91,263.0,67,569.0,136,292.0,70,118,29,292.0,70,22,3,8.0,65.0
Manny Machado,Keider Montero,Right,Home,4,Right,0,0,414.0,107,264.0,68,549.0,139,292.0,70,118,29,143.0,38,22,3,17.0,66.0
Jake Cronenworth,Keider Montero,Right,Home,5,Left,0,0,414.0,98,274.0,63,563.0,125,292.0,70,118,29,149.0,32,22,3,13.0,62.0
Xander Bogaerts,Keider Montero,Right,Home,6,Right,0,0,285.0,75,173.0,40,374.0,93,292.0,70,118,29,143.0,38,22,3,11.0,54.0
Jackson Merrill,Keider Montero,Right,Home,7,Left,0,0,366.0,109,242.0,56,506.0,140,292.0,70,118,29,149.0,32,22,3,16.0,59.0
Kyle Higashioka,Keider Montero,Right,Home,8,Right,0,0,141.0,32,105.0,24,216.0,47,292.0,70,118,29,143.0,38,22,3,7.0,27.0
Mason McCoy,Keider Montero,Right,Home,9,Right,0,0,30.0,8,19.0,7,41.0,10,292.0,70,118,29,143.0,38,22,3,10.0,46.0
JP Crawford,JP Sears,Left,Away,1,Left,15,3,108.0,25,190.0,39,359.0,61,623.0,143,293,73,128.0,27,130,27,,
Julio Rodriguez,JP Sears,Left,Away,2,Right,16,3,137.0,38,266.0,69,499.0,119,623.0,143,293,73,495.0,116,130,27,10.0,66.0
Cal Raleigh,JP Sears,Left,Away,3,Both,4,0,139.0,20,266.0,53,520.0,95,623.0,143,293,73,623.0,143,130,27,9.0,57.0
Randy Arozarena,JP Sears,Left,Away,4,Right,0,0,152.0,30,286.0,50,550.0,101,623.0,143,293,73,495.0,116,130,27,11.0,56.0
Jorge Polanco,JP Sears,Left,Away,5,Both,0,0,104.0,22,201.0,37,391.0,71,623.0,143,293,73,623.0,143,130,27,6.0,57.0
Justin Turner,JP Sears,Left,Away,6,Right,2,1,108.0,24,213.0,40,444.0,97,623.0,143,293,73,495.0,116,130,27,10.0,43.0
Luis Urias,JP Sears,Left,Away,7,Right,1,0,46.0,5,50.0,9,94.0,12,623.0,143,293,73,495.0,116,130,27,,
Mitch Garver,JP Sears,Left,Away,8,Right,4,1,131.0,23,220.0,34,389.0,54,623.0,143,293,73,495.0,116,130,27,,
Victor Robles,JP Sears,Left,Away,9,Right,1,0,81.0,18,126.0,29,211.0,52,623.0,143,293,73,495.0,116,130,27,11.0,29.0
Lawrence Butler,George Kirby,Right,Home,1,Left,3,1,302.0,72,186.0,42,360.0,88,658.0,158,375,93,301.0,76,118,37,22.0,62.0
Brent Rooker,George Kirby,Right,Home,2,Right,9,3,405.0,106,247.0,62,508.0,133,658.0,158,375,93,357.0,82,118,37,18.0,70.0
JJ Bleday,George Kirby,Right,Home,3,Left,6,4,452.0,100,280.0,58,549.0,121,658.0,158,375,93,301.0,76,118,37,13.0,57.0
Shea Langeliers,George Kirby,Right,Home,4,Right,4,2,337.0,71,221.0,37,454.0,93,658.0,158,375,93,357.0,82,118,37,10.0,51.0
Seth Brown,George Kirby,Right,Home,5,Left,16,3,307.0,68,163.0,37,329.0,73,658.0,158,375,93,301.0,76,118,37,15.0,57.0
Zack Gelof,George Kirby,Right,Home,6,Right,5,3,353.0,72,222.0,37,450.0,84,658.0,158,375,93,357.0,82,118,37,11.0,53.0
Tristan Gray,George Kirby,Right,Home,7,Left,0,0,9.0,0,5.0,0,14.0,0,658.0,158,375,93,301.0,76,118,37,,
Max Schuemann,George Kirby,Right,Home,8,Right,2,0,300.0,63,191.0,37,387.0,77,658.0,158,375,93,357.0,82,118,37,7.0,47.0
Jacob Wilson,George Kirby,Right,Home,9,Right,0,0,20.0,4,4.0,1,22.0,4,658.0,158,375,93,357.0,82,118,37,,
Corbin Carroll,Hayden Birdsong,Right,Away,1,Left,0,0,396.0,84,299.0,57,570.0,118,212.0,40,83,16,119.0,20,19,5,19.0,61.0
Jake McCarthy,Hayden Birdsong,Right,Away,2,Left,0,0,279.0,72,196.0,47,399.0,107,212.0,40,83,16,119.0,20,19,5,13.0,56.0
Joc Pederson,Hayden Birdsong,Right,Away,3,Left,0,0,349.0,83,207.0,46,387.0,90,212.0,40,83,16,119.0,20,19,5,6.0,45.0
Christian Walker,Hayden Birdsong,Right,Away,4,Right,0,0,330.0,71,240.0,57,460.0,103,212.0,40,83,16,93.0,20,19,5,,
Pavin Smith,Hayden Birdsong,Right,Away,5,Left,0,0,79.0,18,44.0,8,89.0,20,212.0,40,83,16,119.0,20,19,5,,
Adrian Del Castillo,Hayden Birdsong,Right,Away,6,Left,0,0,54.0,12,35.0,9,68.0,18,212.0,40,83,16,119.0,20,19,5,,
Eugenio Suarez,Hayden Birdsong,Right,Away,7,Right,0,0,371.0,83,282.0,55,535.0,116,212.0,40,83,16,93.0,20,19,5,15.0,58.0
Luis Guillorme,Hayden Birdsong,Right,Away,8,Left,0,0,149.0,31,74.0,13,166.0,32,212.0,40,83,16,119.0,20,19,5,5.0,37.0
Geraldo Perdomo,Hayden Birdsong,Right,Away,9,Both,0,0,197.0,47,125.0,33,286.0,73,212.0,40,83,16,212.0,40,19,5,13.0,58.0
Mike Yastrzemski,Zac Gallen,Right,Home,1,Left,26,7,310.0,67,200.0,50,392.0,86,511.0,116,238,52,253.0,57,123,30,11.0,49.0
Tyler Fitzgerald,Zac Gallen,Right,Home,2,Right,0,0,164.0,40,129.0,36,263.0,71,511.0,116,238,52,258.0,59,123,30,10.0,54.0
Heliot Ramos,Zac Gallen,Right,Home,3,Right,0,0,313.0,70,222.0,60,421.0,107,511.0,116,238,52,258.0,59,123,30,11.0,50.0
Michael Conforto,Zac Gallen,Right,Home,4,Left,20,5,323.0,60,182.0,35,414.0,85,511.0,116,238,52,253.0,57,123,30,5.0,43.0
Matt Chapman,Zac Gallen,Right,Home,5,Right,7,0,425.0,91,286.0,65,577.0,126,511.0,116,238,52,258.0,59,123,30,11.0,50.0
LaMonte Wade Jr,Zac Gallen,Right,Home,6,Left,27,6,294.0,61,148.0,30,327.0,70,511.0,116,238,52,253.0,57,123,30,,
Patrick Bailey,Zac Gallen,Right,Home,7,Both,5,3,294.0,64,192.0,44,376.0,79,511.0,116,238,52,511.0,116,123,30,,
Marco Luciano,Zac Gallen,Right,Home,8,Right,0,0,33.0,8,29.0,8,52.0,14,511.0,116,238,52,258.0,59,123,30,,
Grant McCray,Zac Gallen,Right,Home,9,Left,0,0,49.0,11,28.0,4,58.0,13,511.0,116,238,52,253.0,57,123,30,7.0,41.0
