Batter,Opposing Pitcher,Throw,Batter Location,Batter Spot,B Against PA,B Against H,Season PA,Season H,Location IP,Location H,Location BB,Right PA,Right H,Left PA,Left H,Recent IP,Recent H,Recent BB
Kyle Schwarber,Bowden Francis,Right,Away,1,0,0,311.0,59,28.2,24,8,163.0,34,148.0,25,14.0,14,2
Trea Turner,Bowden Francis,Right,Away,2,1,0,311.0,59,28.2,24,8,163.0,34,148.0,25,14.0,14,2
Bryce Harper,Bowden Francis,Right,Away,3,1,1,311.0,59,28.2,24,8,163.0,34,148.0,25,14.0,14,2
Nick Castellanos,Bowden Francis,Right,Away,4,1,0,311.0,59,28.2,24,8,163.0,34,148.0,25,14.0,14,2
Bryson Stott,Bowden Francis,Right,Away,5,1,0,311.0,59,28.2,24,8,163.0,34,148.0,25,14.0,14,2
JT Realmuto,Bowden Francis,Right,Away,6,0,0,311.0,59,28.2,24,8,163.0,34,148.0,25,14.0,14,2
Brandon Marsh,Bowden Francis,Right,Away,7,0,0,311.0,59,28.2,24,8,163.0,34,148.0,25,14.0,14,2
Austin Hays,Bowden Francis,Right,Away,8,4,1,311.0,59,28.2,24,8,163.0,34,148.0,25,14.0,14,2
Edmundo Sosa,Bowden Francis,Right,Away,9,0,0,311.0,59,28.2,24,8,163.0,34,148.0,25,14.0,14,2
George Springer,Cristopher Sanchez,Left,Home,1,3,1,629.0,158,59.2,83,22,495.0,127,134.0,31,11.2,15,2
Daulton Varsho,Cristopher Sanchez,Left,Home,2,0,0,629.0,158,59.2,83,22,495.0,127,134.0,31,11.2,15,2
Vladimir Guerrero Jr,Cristopher Sanchez,Left,Home,3,3,0,629.0,158,59.2,83,22,495.0,127,134.0,31,11.2,15,2
Alejandro Kirk,Cristopher Sanchez,Left,Home,4,3,1,629.0,158,59.2,83,22,495.0,127,134.0,31,11.2,15,2
Ernie Clement,Cristopher Sanchez,Left,Home,5,0,0,629.0,158,59.2,83,22,495.0,127,134.0,31,11.2,15,2
Leo Jimenez,Cristopher Sanchez,Left,Home,6,0,0,629.0,158,59.2,83,22,495.0,127,134.0,31,11.2,15,2
Davis Schneider,Cristopher Sanchez,Left,Home,7,3,0,629.0,158,59.2,83,22,495.0,127,134.0,31,11.2,15,2
Luis De Los Santos,Cristopher Sanchez,Left,Home,8,0,0,629.0,158,59.2,83,22,495.0,127,134.0,31,11.2,15,2
Brian Serven,Cristopher Sanchez,Left,Home,9,0,0,629.0,158,59.2,83,22,495.0,127,134.0,31,11.2,15,2
Nicky Lopez,Albert Suarez,Right,Away,1,1,0,450.0,103,51.1,46,13,253.0,57,197.0,46,3.1,2,0
Luis Robert Jr,Albert Suarez,Right,Away,2,0,0,450.0,103,51.1,46,13,253.0,57,197.0,46,3.1,2,0
Andrew Benintendi,Albert Suarez,Right,Away,3,1,0,450.0,103,51.1,46,13,253.0,57,197.0,46,3.1,2,0
Andrew Vaughn,Albert Suarez,Right,Away,4,2,0,450.0,103,51.1,46,13,253.0,57,197.0,46,3.1,2,0
Gavin Sheets,Albert Suarez,Right,Away,5,2,0,450.0,103,51.1,46,13,253.0,57,197.0,46,3.1,2,0
Korey Lee,Albert Suarez,Right,Away,6,0,0,450.0,103,51.1,46,13,253.0,57,197.0,46,3.1,2,0
Dominic Fletcher,Albert Suarez,Right,Away,7,0,0,450.0,103,51.1,46,13,253.0,57,197.0,46,3.1,2,0
Lenyn Sosa,Albert Suarez,Right,Away,8,0,0,450.0,103,51.1,46,13,253.0,57,197.0,46,3.1,2,0
Jacob Amaya,Albert Suarez,Right,Away,9,0,0,450.0,103,51.1,46,13,253.0,57,197.0,46,3.1,2,0
Gunnar Henderson,Jonathan Cannon,Right,Home,1,0,0,410.0,103,41.2,53,11,202.0,48,208.0,55,5.2,3,1
Adley Rutschman,Jonathan Cannon,Right,Home,2,0,0,410.0,103,41.2,53,11,202.0,48,208.0,55,5.2,3,1
Ryan O'Hearn,Jonathan Cannon,Right,Home,3,0,0,410.0,103,41.2,53,11,202.0,48,208.0,55,5.2,3,1
Anthony Santander,Jonathan Cannon,Right,Home,4,0,0,410.0,103,41.2,53,11,202.0,48,208.0,55,5.2,3,1
Colton Cowser,Jonathan Cannon,Right,Home,5,0,0,410.0,103,41.2,53,11,202.0,48,208.0,55,5.2,3,1
Eloy Jimenez,Jonathan Cannon,Right,Home,6,0,0,410.0,103,41.2,53,11,202.0,48,208.0,55,5.2,3,1
Cedric Mullins,Jonathan Cannon,Right,Home,7,0,0,410.0,103,41.2,53,11,202.0,48,208.0,55,5.2,3,1
Jackson Holliday,Jonathan Cannon,Right,Home,8,0,0,410.0,103,41.2,53,11,202.0,48,208.0,55,5.2,3,1
Emmanuel Rivera,Jonathan Cannon,Right,Home,9,0,0,410.0,103,41.2,53,11,202.0,48,208.0,55,5.2,3,1
Jose Altuve,Nick Martinez,Right,Away,1,27,6,445.0,110,60.1,74,8,236.0,56,209.0,54,30.2,31,4
Yordan Alvarez,Nick Martinez,Right,Away,2,0,0,445.0,110,60.1,74,8,236.0,56,209.0,54,30.2,31,4
Alex Bregman,Nick Martinez,Right,Away,3,12,4,445.0,110,60.1,74,8,236.0,56,209.0,54,30.2,31,4
Yainer Diaz,Nick Martinez,Right,Away,4,0,0,445.0,110,60.1,74,8,236.0,56,209.0,54,30.2,31,4
Jon Singleton,Nick Martinez,Right,Away,5,7,0,445.0,110,60.1,74,8,236.0,56,209.0,54,30.2,31,4
Jeremy Pena,Nick Martinez,Right,Away,6,0,0,445.0,110,60.1,74,8,236.0,56,209.0,54,30.2,31,4
Ben Gamel,Nick Martinez,Right,Away,7,4,0,445.0,110,60.1,74,8,236.0,56,209.0,54,30.2,31,4
Mauricio Dubon,Nick Martinez,Right,Away,8,2,1,445.0,110,60.1,74,8,236.0,56,209.0,54,30.2,31,4
Jason Heyward,Nick Martinez,Right,Away,9,5,1,445.0,110,60.1,74,8,236.0,56,209.0,54,30.2,31,4
Jonathan India,Spencer Arrighetti,Right,Home,1,0,0,537.0,114,68.1,65,34,238.0,54,299.0,60,4.0,4,2
Elly De La Cruz,Spencer Arrighetti,Right,Home,2,0,0,537.0,114,68.1,65,34,238.0,54,299.0,60,4.0,4,2
Tyler Stephenson,Spencer Arrighetti,Right,Home,3,0,0,537.0,114,68.1,65,34,238.0,54,299.0,60,4.0,4,2
TJ Friedl,Spencer Arrighetti,Right,Home,4,0,0,537.0,114,68.1,65,34,238.0,54,299.0,60,4.0,4,2
Spencer Steer,Spencer Arrighetti,Right,Home,5,0,0,537.0,114,68.1,65,34,238.0,54,299.0,60,4.0,4,2
Ty France,Spencer Arrighetti,Right,Home,6,3,1,537.0,114,68.1,65,34,238.0,54,299.0,60,4.0,4,2
Jake Fraley,Spencer Arrighetti,Right,Home,7,0,0,537.0,114,68.1,65,34,238.0,54,299.0,60,4.0,4,2
Santiago Espinal,Spencer Arrighetti,Right,Home,8,0,0,537.0,114,68.1,65,34,238.0,54,299.0,60,4.0,4,2
Amed Rosario,Spencer Arrighetti,Right,Home,9,0,0,537.0,114,68.1,65,34,238.0,54,299.0,60,4.0,4,2
Dylan Crews,Valente Bellozo,Right,Away,1,0,0,179.0,41,15.1,19,8,100.0,25,79.0,16,4.2,7,5
Jose Tena,Valente Bellozo,Right,Away,2,0,0,179.0,41,15.1,19,8,100.0,25,79.0,16,4.2,7,5
Andres Chaparro,Valente Bellozo,Right,Away,3,0,0,179.0,41,15.1,19,8,100.0,25,79.0,16,4.2,7,5
James Wood,Valente Bellozo,Right,Away,4,0,0,179.0,41,15.1,19,8,100.0,25,79.0,16,4.2,7,5
Luis Garcia Jr,Valente Bellozo,Right,Away,5,0,0,179.0,41,15.1,19,8,100.0,25,79.0,16,4.2,7,5
Joey Gallo,Valente Bellozo,Right,Away,6,0,0,179.0,41,15.1,19,8,100.0,25,79.0,16,4.2,7,5
CJ Abrams,Valente Bellozo,Right,Away,7,0,0,179.0,41,15.1,19,8,100.0,25,79.0,16,4.2,7,5
Keibert Ruiz,Valente Bellozo,Right,Away,8,0,0,179.0,41,15.1,19,8,100.0,25,79.0,16,4.2,7,5
Jacob Young,Valente Bellozo,Right,Away,9,0,0,179.0,41,15.1,19,8,100.0,25,79.0,16,4.2,7,5
Xavier Edwards,MacKenzie Gore,Left,Home,1,0,0,617.0,158,59.1,65,18,463.0,116,154.0,42,10.1,17,3
Connor Norby,MacKenzie Gore,Left,Home,2,0,0,617.0,158,59.1,65,18,463.0,116,154.0,42,10.1,17,3
Jake Burger,MacKenzie Gore,Left,Home,3,3,1,617.0,158,59.1,65,18,463.0,116,154.0,42,10.1,17,3
Jonah Bride,MacKenzie Gore,Left,Home,4,0,0,617.0,158,59.1,65,18,463.0,116,154.0,42,10.1,17,3
Otto Lopez,MacKenzie Gore,Left,Home,5,3,0,617.0,158,59.1,65,18,463.0,116,154.0,42,10.1,17,3
Cristian Pache,MacKenzie Gore,Left,Home,6,6,1,617.0,158,59.1,65,18,463.0,116,154.0,42,10.1,17,3
David Hensley,MacKenzie Gore,Left,Home,7,0,0,617.0,158,59.1,65,18,463.0,116,154.0,42,10.1,17,3
Kyle Stowers,MacKenzie Gore,Left,Home,8,0,0,617.0,158,59.1,65,18,463.0,116,154.0,42,10.1,17,3
Nick Fortes,MacKenzie Gore,Left,Home,9,3,1,617.0,158,59.1,65,18,463.0,116,154.0,42,10.1,17,3
Jarren Duran,Tylor Megill,Right,Away,1,0,0,231.0,50,34.0,29,14,114.0,24,117.0,26,6.0,5,2
Wilyer Abreu,Tylor Megill,Right,Away,2,0,0,231.0,50,34.0,29,14,114.0,24,117.0,26,6.0,5,2
Tyler O'Neill,Tylor Megill,Right,Away,3,2,1,231.0,50,34.0,29,14,114.0,24,117.0,26,6.0,5,2
Rafael Devers,Tylor Megill,Right,Away,4,0,0,231.0,50,34.0,29,14,114.0,24,117.0,26,6.0,5,2
Triston Casas,Tylor Megill,Right,Away,5,0,0,231.0,50,34.0,29,14,114.0,24,117.0,26,6.0,5,2
Masataka Yoshida,Tylor Megill,Right,Away,6,0,0,231.0,50,34.0,29,14,114.0,24,117.0,26,6.0,5,2
Connor Wong,Tylor Megill,Right,Away,7,0,0,231.0,50,34.0,29,14,114.0,24,117.0,26,6.0,5,2
Enmanuel Valdez,Tylor Megill,Right,Away,8,0,0,231.0,50,34.0,29,14,114.0,24,117.0,26,6.0,5,2
Ceddanne Rafaela,Tylor Megill,Right,Away,9,0,0,231.0,50,34.0,29,14,114.0,24,117.0,26,6.0,5,2
Francisco Lindor,Tanner Houck,Right,Home,1,0,0,684.0,146,70.0,60,21,321.0,77,363.0,69,6.0,7,4
Brandon Nimmo,Tanner Houck,Right,Home,2,0,0,684.0,146,70.0,60,21,321.0,77,363.0,69,6.0,7,4
Mark Vientos,Tanner Houck,Right,Home,3,0,0,684.0,146,70.0,60,21,321.0,77,363.0,69,6.0,7,4
Pete Alonso,Tanner Houck,Right,Home,4,0,0,684.0,146,70.0,60,21,321.0,77,363.0,69,6.0,7,4
Jesse Winker,Tanner Houck,Right,Home,5,4,1,684.0,146,70.0,60,21,321.0,77,363.0,69,6.0,7,4
Starling Marte,Tanner Houck,Right,Home,6,2,0,684.0,146,70.0,60,21,321.0,77,363.0,69,6.0,7,4
Jose Iglesias,Tanner Houck,Right,Home,7,0,0,684.0,146,70.0,60,21,321.0,77,363.0,69,6.0,7,4
Jeff McNeil,Tanner Houck,Right,Home,8,0,0,684.0,146,70.0,60,21,321.0,77,363.0,69,6.0,7,4
Francisco Alvarez,Tanner Houck,Right,Home,9,0,0,684.0,146,70.0,60,21,321.0,77,363.0,69,6.0,7,4
Charlie Blackmon,Charlie Morton,Right,Away,1,19,4,579.0,128,71.1,70,29,257.0,66,322.0,62,6.1,5,0
Ezequiel Tovar,Charlie Morton,Right,Away,2,6,1,579.0,128,71.1,70,29,257.0,66,322.0,62,6.1,5,0
Ryan McMahon,Charlie Morton,Right,Away,3,13,3,579.0,128,71.1,70,29,257.0,66,322.0,62,6.1,5,0
Brenton Doyle,Charlie Morton,Right,Away,4,4,1,579.0,128,71.1,70,29,257.0,66,322.0,62,6.1,5,0
Brendan Rodgers,Charlie Morton,Right,Away,5,6,3,579.0,128,71.1,70,29,257.0,66,322.0,62,6.1,5,0
Michael Toglia,Charlie Morton,Right,Away,6,2,0,579.0,128,71.1,70,29,257.0,66,322.0,62,6.1,5,0
Nolan Jones,Charlie Morton,Right,Away,7,4,0,579.0,128,71.1,70,29,257.0,66,322.0,62,6.1,5,0
Jordan Beck,Charlie Morton,Right,Away,8,0,0,579.0,128,71.1,70,29,257.0,66,322.0,62,6.1,5,0
Drew Romo,Charlie Morton,Right,Away,9,0,0,579.0,128,71.1,70,29,257.0,66,322.0,62,6.1,5,0
Michael Harris II,Bradley Blalock,Right,Home,1,0,0,101.0,26,12.0,11,5,37.0,11,64.0,15,6.2,6,4
Jorge Soler,Bradley Blalock,Right,Home,2,0,0,101.0,26,12.0,11,5,37.0,11,64.0,15,6.2,6,4
Marcell Ozuna,Bradley Blalock,Right,Home,3,0,0,101.0,26,12.0,11,5,37.0,11,64.0,15,6.2,6,4
Matt Olson,Bradley Blalock,Right,Home,4,0,0,101.0,26,12.0,11,5,37.0,11,64.0,15,6.2,6,4
Travis d'Arnaud,Bradley Blalock,Right,Home,5,0,0,101.0,26,12.0,11,5,37.0,11,64.0,15,6.2,6,4
Whit Merrifield,Bradley Blalock,Right,Home,6,0,0,101.0,26,12.0,11,5,37.0,11,64.0,15,6.2,6,4
Jarred Kelenic,Bradley Blalock,Right,Home,7,0,0,101.0,26,12.0,11,5,37.0,11,64.0,15,6.2,6,4
Orlando Arcia,Bradley Blalock,Right,Home,8,0,0,101.0,26,12.0,11,5,37.0,11,64.0,15,6.2,6,4
Gio Urshela,Bradley Blalock,Right,Home,9,0,0,101.0,26,12.0,11,5,37.0,11,64.0,15,6.2,6,4
Masyn Winn,Colin Rea,Right,Away,1,6,2,606.0,134,76.2,62,15,296.0,66,310.0,68,30.2,31,1
Alec Burleson,Colin Rea,Right,Away,2,2,0,606.0,134,76.2,62,15,296.0,66,310.0,68,30.2,31,1
Nolan Arenado,Colin Rea,Right,Away,3,10,0,606.0,134,76.2,62,15,296.0,66,310.0,68,30.2,31,1
Brendan Donovan,Colin Rea,Right,Away,4,3,1,606.0,134,76.2,62,15,296.0,66,310.0,68,30.2,31,1
Paul Goldschmidt,Colin Rea,Right,Away,5,10,2,606.0,134,76.2,62,15,296.0,66,310.0,68,30.2,31,1
Lars Nootbaar,Colin Rea,Right,Away,6,5,2,606.0,134,76.2,62,15,296.0,66,310.0,68,30.2,31,1
Jordan Walker,Colin Rea,Right,Away,7,2,0,606.0,134,76.2,62,15,296.0,66,310.0,68,30.2,31,1
Ivan Herrera,Colin Rea,Right,Away,8,0,0,606.0,134,76.2,62,15,296.0,66,310.0,68,30.2,31,1
Michael Siani,Colin Rea,Right,Away,9,2,1,606.0,134,76.2,62,15,296.0,66,310.0,68,30.2,31,1
Brice Turang,Sonny Gray,Right,Home,1,6,2,592.0,127,65.2,66,17,304.0,60,288.0,67,7.0,8,0
Jackson Chourio,Sonny Gray,Right,Home,2,2,0,592.0,127,65.2,66,17,304.0,60,288.0,67,7.0,8,0
William Contreras,Sonny Gray,Right,Home,3,6,2,592.0,127,65.2,66,17,304.0,60,288.0,67,7.0,8,0
Jake Bauers,Sonny Gray,Right,Home,4,6,2,592.0,127,65.2,66,17,304.0,60,288.0,67,7.0,8,0
Willy Adames,Sonny Gray,Right,Home,5,18,5,592.0,127,65.2,66,17,304.0,60,288.0,67,7.0,8,0
Garrett Mitchell,Sonny Gray,Right,Home,6,0,0,592.0,127,65.2,66,17,304.0,60,288.0,67,7.0,8,0
Rhys Hoskins,Sonny Gray,Right,Home,7,15,4,592.0,127,65.2,66,17,304.0,60,288.0,67,7.0,8,0
Sal Frelick,Sonny Gray,Right,Home,8,5,0,592.0,127,65.2,66,17,304.0,60,288.0,67,7.0,8,0
Joey Ortiz,Sonny Gray,Right,Home,9,4,1,592.0,127,65.2,66,17,304.0,60,288.0,67,7.0,8,0
Steven Kwan,Seth Lugo,Right,Away,1,5,2,726.0,156,88.1,80,22,348.0,70,378.0,86,28.2,36,11
Andres Gimenez,Seth Lugo,Right,Away,2,5,0,726.0,156,88.1,80,22,348.0,70,378.0,86,28.2,36,11
Jose Ramirez,Seth Lugo,Right,Away,3,7,1,726.0,156,88.1,80,22,348.0,70,378.0,86,28.2,36,11
Josh Naylor,Seth Lugo,Right,Away,4,6,2,726.0,156,88.1,80,22,348.0,70,378.0,86,28.2,36,11
Jhonkensy Noel,Seth Lugo,Right,Away,5,3,0,726.0,156,88.1,80,22,348.0,70,378.0,86,28.2,36,11
Kyle Manzardo,Seth Lugo,Right,Away,6,3,0,726.0,156,88.1,80,22,348.0,70,378.0,86,28.2,36,11
Lane Thomas,Seth Lugo,Right,Away,7,7,1,726.0,156,88.1,80,22,348.0,70,378.0,86,28.2,36,11
Bo Naylor,Seth Lugo,Right,Away,8,2,2,726.0,156,88.1,80,22,348.0,70,378.0,86,28.2,36,11
Brayan Rocchio,Seth Lugo,Right,Away,9,2,0,726.0,156,88.1,80,22,348.0,70,378.0,86,28.2,36,11
Tommy Pham,Ben Lively,Right,Home,1,9,3,542.0,119,64.2,57,22,279.0,66,263.0,53,5.0,4,4
Bobby Witt Jr,Ben Lively,Right,Home,2,6,3,542.0,119,64.2,57,22,279.0,66,263.0,53,5.0,4,4
Michael Massey,Ben Lively,Right,Home,3,5,0,542.0,119,64.2,57,22,279.0,66,263.0,53,5.0,4,4
Salvador Perez,Ben Lively,Right,Home,4,4,2,542.0,119,64.2,57,22,279.0,66,263.0,53,5.0,4,4
Paul DeJong,Ben Lively,Right,Home,5,9,3,542.0,119,64.2,57,22,279.0,66,263.0,53,5.0,4,4
MJ Melendez,Ben Lively,Right,Home,6,5,2,542.0,119,64.2,57,22,279.0,66,263.0,53,5.0,4,4
Freddy Fermin,Ben Lively,Right,Home,7,3,1,542.0,119,64.2,57,22,279.0,66,263.0,53,5.0,4,4
Maikel Garcia,Ben Lively,Right,Home,8,4,2,542.0,119,64.2,57,22,279.0,66,263.0,53,5.0,4,4
Kyle Isbel,Ben Lively,Right,Home,9,2,1,542.0,119,64.2,57,22,279.0,66,263.0,53,5.0,4,4
Isiah Kiner-Falefa,Shota Imanaga,Left,Away,1,0,0,590.0,131,76.0,66,7,473.0,107,117.0,24,7.0,2,1
Bryan Reynolds,Shota Imanaga,Left,Away,2,3,1,590.0,131,76.0,66,7,473.0,107,117.0,24,7.0,2,1
Nick Gonzales,Shota Imanaga,Left,Away,3,3,0,590.0,131,76.0,66,7,473.0,107,117.0,24,7.0,2,1
Andrew McCutchen,Shota Imanaga,Left,Away,4,3,0,590.0,131,76.0,66,7,473.0,107,117.0,24,7.0,2,1
Oneil Cruz,Shota Imanaga,Left,Away,5,0,0,590.0,131,76.0,66,7,473.0,107,117.0,24,7.0,2,1
Connor Joe,Shota Imanaga,Left,Away,6,3,0,590.0,131,76.0,66,7,473.0,107,117.0,24,7.0,2,1
Bryan De La Cruz,Shota Imanaga,Left,Away,7,3,0,590.0,131,76.0,66,7,473.0,107,117.0,24,7.0,2,1
Jared Triolo,Shota Imanaga,Left,Away,8,3,1,590.0,131,76.0,66,7,473.0,107,117.0,24,7.0,2,1
Henry Davis,Shota Imanaga,Left,Away,9,0,0,590.0,131,76.0,66,7,473.0,107,117.0,24,7.0,2,1
Ian Happ,Domingo German,Right,Home,1,4,0,81.0,16,15.0,10,7,40.0,9,41.0,7,0.0,0,1
Michael Busch,Domingo German,Right,Home,2,2,0,81.0,16,15.0,10,7,40.0,9,41.0,7,0.0,0,1
Seiya Suzuki,Domingo German,Right,Home,3,4,3,81.0,16,15.0,10,7,40.0,9,41.0,7,0.0,0,1
Cody Bellinger,Domingo German,Right,Home,4,7,0,81.0,16,15.0,10,7,40.0,9,41.0,7,0.0,0,1
Isaac Paredes,Domingo German,Right,Home,5,7,0,81.0,16,15.0,10,7,40.0,9,41.0,7,0.0,0,1
Nico Hoerner,Domingo German,Right,Home,6,5,0,81.0,16,15.0,10,7,40.0,9,41.0,7,0.0,0,1
Dansby Swanson,Domingo German,Right,Home,7,4,1,81.0,16,15.0,10,7,40.0,9,41.0,7,0.0,0,1
Pete Crow-Armstrong,Domingo German,Right,Home,8,2,1,81.0,16,15.0,10,7,40.0,9,41.0,7,0.0,0,1
Miguel Amaya,Domingo German,Right,Home,9,2,2,81.0,16,15.0,10,7,40.0,9,41.0,7,0.0,0,1
Gleyber Torres,Nathan Eovaldi,Right,Away,1,48,10,560.0,117,82.2,59,13,280.0,52,280.0,65,23.0,20,5
Juan Soto,Nathan Eovaldi,Right,Away,2,6,2,560.0,117,82.2,59,13,280.0,52,280.0,65,23.0,20,5
Aaron Judge,Nathan Eovaldi,Right,Away,3,38,14,560.0,117,82.2,59,13,280.0,52,280.0,65,23.0,20,5
Austin Wells,Nathan Eovaldi,Right,Away,4,2,1,560.0,117,82.2,59,13,280.0,52,280.0,65,23.0,20,5
Giancarlo Stanton,Nathan Eovaldi,Right,Away,5,40,12,560.0,117,82.2,59,13,280.0,52,280.0,65,23.0,20,5
Jazz Chisholm Jr,Nathan Eovaldi,Right,Away,6,4,1,560.0,117,82.2,59,13,280.0,52,280.0,65,23.0,20,5
Anthony Rizzo,Nathan Eovaldi,Right,Away,7,26,9,560.0,117,82.2,59,13,280.0,52,280.0,65,23.0,20,5
Anthony Volpe,Nathan Eovaldi,Right,Away,8,8,0,560.0,117,82.2,59,13,280.0,52,280.0,65,23.0,20,5
Alex Verdugo,Nathan Eovaldi,Right,Away,9,8,1,560.0,117,82.2,59,13,280.0,52,280.0,65,23.0,20,5
Marcus Semien,Marcus Stroman,Right,Home,1,20,7,594.0,136,63.1,62,30,305.0,67,289.0,69,23.0,22,8
Corey Seager,Marcus Stroman,Right,Home,2,13,3,594.0,136,63.1,62,30,305.0,67,289.0,69,23.0,22,8
Josh Smith,Marcus Stroman,Right,Home,3,4,1,594.0,136,63.1,62,30,305.0,67,289.0,69,23.0,22,8
Adolis Garcia,Marcus Stroman,Right,Home,4,5,0,594.0,136,63.1,62,30,305.0,67,289.0,69,23.0,22,8
Nathaniel Lowe,Marcus Stroman,Right,Home,5,5,1,594.0,136,63.1,62,30,305.0,67,289.0,69,23.0,22,8
Josh Jung,Marcus Stroman,Right,Home,6,5,0,594.0,136,63.1,62,30,305.0,67,289.0,69,23.0,22,8
Wyatt Langford,Marcus Stroman,Right,Home,7,2,1,594.0,136,63.1,62,30,305.0,67,289.0,69,23.0,22,8
Jonah Heim,Marcus Stroman,Right,Home,8,0,0,594.0,136,63.1,62,30,305.0,67,289.0,69,23.0,22,8
Leody Taveras,Marcus Stroman,Right,Home,9,2,0,594.0,136,63.1,62,30,305.0,67,289.0,69,23.0,22,8
Shohei Ohtani,Griffin Canning,Right,Away,1,0,0,612.0,148,75.1,80,33,294.0,70,318.0,78,22.1,23,5
Mookie Betts,Griffin Canning,Right,Away,2,5,2,612.0,148,75.1,80,33,294.0,70,318.0,78,22.1,23,5
Freddie Freeman,Griffin Canning,Right,Away,3,2,1,612.0,148,75.1,80,33,294.0,70,318.0,78,22.1,23,5
Teoscar Hernandez,Griffin Canning,Right,Away,4,6,4,612.0,148,75.1,80,33,294.0,70,318.0,78,22.1,23,5
Gavin Lux,Griffin Canning,Right,Away,5,2,1,612.0,148,75.1,80,33,294.0,70,318.0,78,22.1,23,5
Will Smith,Griffin Canning,Right,Away,6,5,2,612.0,148,75.1,80,33,294.0,70,318.0,78,22.1,23,5
Max Muncy,Griffin Canning,Right,Away,7,8,0,612.0,148,75.1,80,33,294.0,70,318.0,78,22.1,23,5
Tommy Edman,Griffin Canning,Right,Away,8,2,1,612.0,148,75.1,80,33,294.0,70,318.0,78,22.1,23,5
Miguel Rojas,Griffin Canning,Right,Away,9,1,0,612.0,148,75.1,80,33,294.0,70,318.0,78,22.1,23,5
Taylor Ward,Bobby Miller,Right,Home,1,0,0,199.0,52,22.2,37,15,100.0,28,99.0,24,5.0,4,3
Zach Neto,Bobby Miller,Right,Home,2,0,0,199.0,52,22.2,37,15,100.0,28,99.0,24,5.0,4,3
Nolan Schanuel,Bobby Miller,Right,Home,3,0,0,199.0,52,22.2,37,15,100.0,28,99.0,24,5.0,4,3
Anthony Rendon,Bobby Miller,Right,Home,4,0,0,199.0,52,22.2,37,15,100.0,28,99.0,24,5.0,4,3
Mickey Moniak,Bobby Miller,Right,Home,5,0,0,199.0,52,22.2,37,15,100.0,28,99.0,24,5.0,4,3
Logan O'Hoppe,Bobby Miller,Right,Home,6,0,0,199.0,52,22.2,37,15,100.0,28,99.0,24,5.0,4,3
Brandon Drury,Bobby Miller,Right,Home,7,0,0,199.0,52,22.2,37,15,100.0,28,99.0,24,5.0,4,3
Jo Adell,Bobby Miller,Right,Home,8,0,0,199.0,52,22.2,37,15,100.0,28,99.0,24,5.0,4,3
Niko Kavadas,Bobby Miller,Right,Home,9,0,0,199.0,52,22.2,37,15,100.0,28,99.0,24,5.0,4,3
Parker Meadows,Yu Darvish,Right,Away,1,0,0,224.0,45,39.1,36,11,119.0,22,105.0,23,5.2,9,1
Riley Greene,Yu Darvish,Right,Away,2,0,0,224.0,45,39.1,36,11,119.0,22,105.0,23,5.2,9,1
Matt Vierling,Yu Darvish,Right,Away,3,0,0,224.0,45,39.1,36,11,119.0,22,105.0,23,5.2,9,1
Kerry Carpenter,Yu Darvish,Right,Away,4,0,0,224.0,45,39.1,36,11,119.0,22,105.0,23,5.2,9,1
Colt Keith,Yu Darvish,Right,Away,5,0,0,224.0,45,39.1,36,11,119.0,22,105.0,23,5.2,9,1
Spencer Torkelson,Yu Darvish,Right,Away,6,0,0,224.0,45,39.1,36,11,119.0,22,105.0,23,5.2,9,1
Jace Jung,Yu Darvish,Right,Away,7,0,0,224.0,45,39.1,36,11,119.0,22,105.0,23,5.2,9,1
Trey Sweeney,Yu Darvish,Right,Away,8,0,0,224.0,45,39.1,36,11,119.0,22,105.0,23,5.2,9,1
Dillon Dingler,Yu Darvish,Right,Away,9,0,0,224.0,45,39.1,36,11,119.0,22,105.0,23,5.2,9,1
Fernando Tatis Jr,Keider Montero,Right,Home,1,0,0,292.0,70,27.2,29,8,143.0,38,149.0,32,6.1,3,1
Luis Arraez,Keider Montero,Right,Home,2,0,0,292.0,70,27.2,29,8,143.0,38,149.0,32,6.1,3,1
Jurickson Profar,Keider Montero,Right,Home,3,0,0,292.0,70,27.2,29,8,143.0,38,149.0,32,6.1,3,1
Manny Machado,Keider Montero,Right,Home,4,0,0,292.0,70,27.2,29,8,143.0,38,149.0,32,6.1,3,1
Jake Cronenworth,Keider Montero,Right,Home,5,0,0,292.0,70,27.2,29,8,143.0,38,149.0,32,6.1,3,1
Xander Bogaerts,Keider Montero,Right,Home,6,0,0,292.0,70,27.2,29,8,143.0,38,149.0,32,6.1,3,1
Jackson Merrill,Keider Montero,Right,Home,7,0,0,292.0,70,27.2,29,8,143.0,38,149.0,32,6.1,3,1
Kyle Higashioka,Keider Montero,Right,Home,8,0,0,292.0,70,27.2,29,8,143.0,38,149.0,32,6.1,3,1
Mason McCoy,Keider Montero,Right,Home,9,0,0,292.0,70,27.2,29,8,143.0,38,149.0,32,6.1,3,1
JP Crawford,JP Sears,Left,Away,1,15,3,623.0,143,69.0,73,13,495.0,116,128.0,27,32.1,27,7
Julio Rodriguez,JP Sears,Left,Away,2,16,3,623.0,143,69.0,73,13,495.0,116,128.0,27,32.1,27,7
Cal Raleigh,JP Sears,Left,Away,3,4,0,623.0,143,69.0,73,13,495.0,116,128.0,27,32.1,27,7
Randy Arozarena,JP Sears,Left,Away,4,0,0,623.0,143,69.0,73,13,495.0,116,128.0,27,32.1,27,7
Jorge Polanco,JP Sears,Left,Away,5,0,0,623.0,143,69.0,73,13,495.0,116,128.0,27,32.1,27,7
Justin Turner,JP Sears,Left,Away,6,2,1,623.0,143,69.0,73,13,495.0,116,128.0,27,32.1,27,7
Luis Urias,JP Sears,Left,Away,7,1,0,623.0,143,69.0,73,13,495.0,116,128.0,27,32.1,27,7
Mitch Garver,JP Sears,Left,Away,8,4,1,623.0,143,69.0,73,13,495.0,116,128.0,27,32.1,27,7
Victor Robles,JP Sears,Left,Away,9,1,0,623.0,143,69.0,73,13,495.0,116,128.0,27,32.1,27,7
Lawrence Butler,George Kirby,Right,Home,1,3,1,658.0,158,90.2,93,12,357.0,82,301.0,76,25.0,37,6
Brent Rooker,George Kirby,Right,Home,2,9,3,658.0,158,90.2,93,12,357.0,82,301.0,76,25.0,37,6
JJ Bleday,George Kirby,Right,Home,3,6,4,658.0,158,90.2,93,12,357.0,82,301.0,76,25.0,37,6
Shea Langeliers,George Kirby,Right,Home,4,4,2,658.0,158,90.2,93,12,357.0,82,301.0,76,25.0,37,6
Seth Brown,George Kirby,Right,Home,5,16,3,658.0,158,90.2,93,12,357.0,82,301.0,76,25.0,37,6
Zack Gelof,George Kirby,Right,Home,6,5,3,658.0,158,90.2,93,12,357.0,82,301.0,76,25.0,37,6
Tristan Gray,George Kirby,Right,Home,7,0,0,658.0,158,90.2,93,12,357.0,82,301.0,76,25.0,37,6
Max Schuemann,George Kirby,Right,Home,8,2,0,658.0,158,90.2,93,12,357.0,82,301.0,76,25.0,37,6
Jacob Wilson,George Kirby,Right,Home,9,0,0,658.0,158,90.2,93,12,357.0,82,301.0,76,25.0,37,6
Corbin Carroll,Hayden Birdsong,Right,Away,1,0,0,212.0,40,19.0,16,10,93.0,20,119.0,20,4.2,5,2
Jake McCarthy,Hayden Birdsong,Right,Away,2,0,0,212.0,40,19.0,16,10,93.0,20,119.0,20,4.2,5,2
Joc Pederson,Hayden Birdsong,Right,Away,3,0,0,212.0,40,19.0,16,10,93.0,20,119.0,20,4.2,5,2
Christian Walker,Hayden Birdsong,Right,Away,4,0,0,212.0,40,19.0,16,10,93.0,20,119.0,20,4.2,5,2
Pavin Smith,Hayden Birdsong,Right,Away,5,0,0,212.0,40,19.0,16,10,93.0,20,119.0,20,4.2,5,2
Adrian Del Castillo,Hayden Birdsong,Right,Away,6,0,0,212.0,40,19.0,16,10,93.0,20,119.0,20,4.2,5,2
Eugenio Suarez,Hayden Birdsong,Right,Away,7,0,0,212.0,40,19.0,16,10,93.0,20,119.0,20,4.2,5,2
Luis Guillorme,Hayden Birdsong,Right,Away,8,0,0,212.0,40,19.0,16,10,93.0,20,119.0,20,4.2,5,2
Geraldo Perdomo,Hayden Birdsong,Right,Away,9,0,0,212.0,40,19.0,16,10,93.0,20,119.0,20,4.2,5,2
Mike Yastrzemski,Zac Gallen,Right,Home,1,26,7,511.0,116,54.0,52,24,258.0,59,253.0,57,27.1,30,12
Tyler Fitzgerald,Zac Gallen,Right,Home,2,0,0,511.0,116,54.0,52,24,258.0,59,253.0,57,27.1,30,12
Heliot Ramos,Zac Gallen,Right,Home,3,0,0,511.0,116,54.0,52,24,258.0,59,253.0,57,27.1,30,12
Michael Conforto,Zac Gallen,Right,Home,4,20,5,511.0,116,54.0,52,24,258.0,59,253.0,57,27.1,30,12
Matt Chapman,Zac Gallen,Right,Home,5,7,0,511.0,116,54.0,52,24,258.0,59,253.0,57,27.1,30,12
LaMonte Wade Jr,Zac Gallen,Right,Home,6,27,6,511.0,116,54.0,52,24,258.0,59,253.0,57,27.1,30,12
Patrick Bailey,Zac Gallen,Right,Home,7,5,3,511.0,116,54.0,52,24,258.0,59,253.0,57,27.1,30,12
Marco Luciano,Zac Gallen,Right,Home,8,0,0,511.0,116,54.0,52,24,258.0,59,253.0,57,27.1,30,12
Grant McCray,Zac Gallen,Right,Home,9,0,0,511.0,116,54.0,52,24,258.0,59,253.0,57,27.1,30,12
